ssoid;ts;grp;type;subtype;url;orgid;formid;code;ltpa;sudirresponse;ymdh
650ae77a-ffce-475d-a930-c7e345e0658c;2499763594;guis_-47;formcontroller;send;https://www.mos.ru/pgu/ru/application/guis/-47/#step_1;guis;-47;MPGU;;;2017-07-11-09
aeadac26-3e19-438b-8e4a-a1ae754bbe41;2499763594;guis-47;bill;prepare;;;;;;;2017-07-11-09
Unauthorized;2499763594;gibdd_fines;formcontroller;start;https://www.mos.ru/pgu/ru/application/gibdd/fines/?onsite_from=popular#step_1;gibdd;fines;MPGU;;;2017-07-11-09
1f5ffc1e-0845-4a13-9647-a78081b6dc13;2499763594;mosenergo_counters;formcontroller;start;https://www.mos.ru/pgu/ru/application/mosenergo/counters/;mosenergo;counters;MPGU;;;2017-07-11-09
7693d80e-cd53-4534-8e2c-302de95a750f;2499763594;dogm_77060201;formcontroller;start;https://www.mos.ru/pgu/ru/application/dogm/77060201/;dogm;77060201;MPGU;;;2017-07-11-09
7d839abc-845c-4a29-a670-a3958091f7e2;2499763594;1111;addCounter;fail;;;;;;;2017-07-11-09
4a9bbfc4-19f4-4c28-adeb-a43f3484baa3;2499763594;clinics_reg;doc;before;;;;;;;2017-07-11-09
8fda7b10-4cf1-4a9d-aa6c-7e75d28c9bc7;2499763594;guis-47;getEpd;success;https://www.mos.ru/pgu/ru/application/guis/-47/?onsite_from=topmenu#step_1;guis;-47;MPGU;;;2017-07-11-09
d6fb3532-1f9f-4813-bc96-08414b95bb09;2499763594;clinics_reg;error;soapfault;;;;;;;2017-07-11-09
Unauthorized;2499763594;charges;search;success;;;;;;;2017-07-11-09
a38c4052-54ac-4a49-88dc-c6c6d8b81fbe;2499763594;guis_-47;formcontroller;send;https://www.mos.ru/pgu/ru/application/guis/-47/#;guis;-47;MPGU;;;2017-07-11-09
4ceecd59-20b4-44f2-93a5-4e66dfef979e;2499763594;charges;search;success;;;;;;;2017-07-11-09
4a9bbfc4-19f4-4c28-adeb-a43f3484baa3;2499763594;clinics_reg;error;soapfault;;;;;;;2017-07-11-09
1665ee2e-8d27-4c70-9156-7df40303f268;2499763594;guis-47;getEpd;success;https://www.mos.ru/pgu/ru/application/guis/-47/#step_1;guis;-47;MPGU;;;2017-07-11-09
1665ee2e-8d27-4c70-9156-7df40303f268;2499763594;guis-47;getEpd;fail;https://www.mos.ru/pgu/ru/application/guis/-47/#step_2;guis;-47;MPGU;;;2017-07-11-09
5e49d876-d214-47a3-80c8-f606f41e5b6c;2499763594;guis-47;getEpd;success;https://www.mos.ru/pgu/ru/application/guis/-47/#;guis;-47;MPGU;;;2017-07-11-09
714c2780-7c8d-474f-a8f3-8171a95c7ebb;2499763594;guis-47;bill;prepare;;;;;;;2017-07-11-09
8b9e6135-4eb1-4260-91ab-a7469bec4cda;2499763594;guis_-47;formcontroller;start;https://www.mos.ru/pgu/ru/application/guis/-47/;guis;-47;MPGU;;;2017-07-11-09
d474de06-f020-4ea0-94df-fb47fee92976;2499763594;clinics_reg;error;soapfault;;;;;;;2017-07-11-09
4d0cb8c8-0b5c-48a8-82c3-fe04e92f7153;2499763594;guis-47;bill;prepare;;;;;;;2017-07-11-09
2670d3c1-e05e-470e-a4df-301e291f0eb1;2499763594;guis_-47;formcontroller;start;https://www.mos.ru/pgu/ru/application/guis/-47/#;guis;-47;MPGU;;;2017-07-11-09
c732635d-df10-4051-b4b6-9abec3ba5c31;2499763594;clinics_reg;doc;before;;;;;;;2017-07-11-09
94b884fb-8ba4-4108-970e-f8dd24593b30;2499763594;guis_-47;formcontroller;start;https://www.mos.ru/pgu/ru/application/guis/-47/?onsite_from=popular;guis;-47;MPGU;;;2017-07-11-09
d3958e99-d52d-4deb-9eb1-2cfda5b659f4;2499763594;guis_1111;step;change;https://www.mos.ru/pgu/ru/application/guis/1111/#step_1;guis;1111;MPGU;;;2017-07-11-09
30c58fa1-ed32-47b3-98a5-8e0de5d1c263;2499763594;guis-47;bill;pay;;;;;;;2017-07-11-09
8906864a-3bda-4264-ac20-d436b6ef0ca1;2499763594;guis_-47;step;change;https://www.mos.ru/pgu/ru/application/guis/-47/?onsite_from=popular#step_2;guis;-47;MPGU;;;2017-07-11-09
99166e15-a4ed-4c62-b2cc-3ba01fc0e424;2499763594;dtis_020301;formcontroller;start;https://www.mos.ru/pgu/ru/application/dtis/020301/;dtis;20301;MPGU;;;2017-07-11-09
9f5de921-42ca-4d21-9f3f-e3e72289ea0c;2499763594;guis_-47;formcontroller;start;https://www.mos.ru/pgu/ru/application/guis/-47/;guis;-47;MPGU;;;2017-07-11-09
60a6b31b-b221-423a-aff2-435bc8d96d42;2499763594;guis_-47;formcontroller;start;https://www.mos.ru/pgu/ru/application/guis/-47/?onsite_from=popular#step_1;guis;-47;MPGU;;;2017-07-11-09
abd580c7-77bb-443b-b99a-04d1045908f1;2499763594;elk;save;cancel;https://www.mos.ru/pgu/ru/application/dszn/060103/#step_3;dszn;60103;MPGU;;;2017-07-11-09
5e45edb2-dd5a-4032-9021-1efa6518c819;2499763594;clinics_reg;doc;before;;;;;;;2017-07-11-09
a8c4dcb8-999d-48a0-8367-7b007e978abd;2499763594;guis_-47;formcontroller;start;https://www.mos.ru/pgu/ru/application/guis/-47/?onsite_from=popular;guis;-47;MPGU;;;2017-07-11-09
5e49d876-d214-47a3-80c8-f606f41e5b6c;2499763594;guis-47;bill;prepare;;;;;;;2017-07-11-09
aeadac26-3e19-438b-8e4a-a1ae754bbe41;2499763594;guis-47;getEpd;success;https://www.mos.ru/pgu/ru/application/guis/-47/?onsite_from=popular#;guis;-47;MPGU;;;2017-07-11-09
aeadac26-3e19-438b-8e4a-a1ae754bbe41;2499763594;guis_-47;formcontroller;send;https://www.mos.ru/pgu/ru/application/guis/-47/?onsite_from=popular#;guis;-47;MPGU;;;2017-07-11-09
a862e41d-e005-498c-af63-f8fe6ae51252;2499763594;clinics_reg;error;soapfault;;;;;;;2017-07-11-09
9fe851ef-07ca-4e9a-b872-89f6448e5c49;2499763594;guis_-47;formcontroller;send;https://www.mos.ru/pgu/ru/application/guis/-47/?onsite_from=popular#step_1;guis;-47;MPGU;;;2017-07-11-09
26818246-4cd7-4eb8-92df-c76fb556e2ec;2499763594;guis-47;getEpd;fail;https://www.mos.ru/pgu/ru/application/guis/-47/?onsite_from=popular#step_2;guis;-47;MPGU;;;2017-07-11-09
1a6483bb-1785-4ae6-b0ce-c73b97370f12;2499763594;guis_-47;formcontroller;start;https://www.mos.ru/pgu/ru/application/guis/-47/#step_1;guis;-47;MPGU;;;2017-07-11-09
fa476e03-fb23-4826-9d38-ee8358aa74ca;2499763594;dtis_020301;formcontroller;send;https://www.mos.ru/pgu/ru/application/dtis/020301/#step_8;dtis;20301;MPGU;;;2017-07-11-09
26da9dad-4197-4a20-8ecc-223b7e8a5441;2499763594;guis_-47;formcontroller;send;https://www.mos.ru/pgu/ru/application/guis/-47/?onsite_from=popular#;guis;-47;MPGU;;;2017-07-11-09
edd18a21-5cc0-4112-b55b-c90fcf1adf37;2499763594;guis_-47;formcontroller;send;https://www.mos.ru/pgu/ru/application/guis/-47/#step_1;guis;-47;MPGU;;;2017-07-11-09
1f325cd2-26d0-479f-bb4b-1ac16bb06a4e;2499763594;clinics_reg;error;soapfault;;;;;;;2017-07-11-09
dd0c4198-75e8-4a07-a7b8-842687f1e399;2499763594;guis-47;getEpd;success;https://www.mos.ru/pgu/ru/application/guis/-47/#step_1;guis;-47;MPGU;;;2017-07-11-09
c732635d-df10-4051-b4b6-9abec3ba5c31;2499763594;clinics_reg;error;soapfault;;;;;;;2017-07-11-09
2c88dc4c-0298-42c7-885d-80444e4c1693;2499763594;mosenergo_counters;step;change;https://www.mos.ru/pgu/ru/application/mosenergo/counters/?onsite_from=popular#step_1;mosenergo;counters;MPGU;;;2017-07-11-09
07093521-0b29-4f85-8640-f7bd0b410e17;2499763594;mvk_047501;formcontroller;start;https://www.mos.ru/pgu/ru/application/mvk/047501/;mvk;47501;MPGU;;;2017-07-11-09
11de3014-fcbc-43f9-960d-23436a686a6e;2499763594;guis-47;getEpd;fail;https://www.mos.ru/pgu/ru/application/guis/-47/?onsite_from=popular#step_2;guis;-47;MPGU;;;2017-07-11-09
10b25153-01f6-4072-8f22-a5a6c7f91bbf;2499763594;dogm_04201;answer;done;https://www.mos.ru/pgu/ru/application/dogm/040201/?onsite_from=topindex#step_1;dogm;40201;MPGU;;;2017-07-11-09
10b25153-01f6-4072-8f22-a5a6c7f91bbf;2499763594;dogm_04201;request;sent;https://www.mos.ru/pgu/ru/application/dogm/040201/?onsite_from=topindex#step_1;dogm;40201;MPGU;;;2017-07-11-09
Unauthorized;2499763594;gibdd_fines;formcontroller;start;https://www.mos.ru/pgu/ru/application/gibdd/fines/?onsite_from=32532#step_1;gibdd;fines;MPGU;;;2017-07-11-09
b281dda7-72e9-4f76-87d5-cf25c178e909;2499763594;guis_-47;formcontroller;start;https://www.mos.ru/pgu/ru/application/guis/-47/?onsite_from=popular;guis;-47;MPGU;;;2017-07-11-09
d6bae8da-2916-481a-a179-690c46258480;2499763594;guis_1111;formcontroller;start;https://www.mos.ru/pgu/ru/application/guis/1111/?onsite_from=popular#step_1;guis;1111;MPGU;;;2017-07-11-09
02facbeb-4fe8-4fd5-bd59-76978f27d3ba;2499763594;gibdd_fines;step_epsh;success;https://www.mos.ru/pgu/ru/application/gibdd/fines/?onsite_from=popular#step_2;gibdd;fines;MPGU;;;2017-07-11-09
71d7d922-7360-4ae3-8296-d94120e854c9;2499763594;guis_-47;formcontroller;send;https://www.mos.ru/pgu/ru/application/guis/-47/#step_1;guis;-47;MPGU;;;2017-07-11-09
ba023c8e-ea63-45a2-a74a-1a731ff16440;2499763594;charges;search;success;;;;;;;2017-07-11-09
03b366e9-e7b4-4667-9fcd-f0365ed7aa19;2499763594;guis_-47;step;change;https://www.mos.ru/pgu/ru/application/guis/-47/#step_2;guis;-47;MPGU;;;2017-07-11-09
03b366e9-e7b4-4667-9fcd-f0365ed7aa19;2499763594;guis-47;getEpd;success;https://www.mos.ru/pgu/ru/application/guis/-47/#step_1;guis;-47;MPGU;;;2017-07-11-09
1f5ffc1e-0845-4a13-9647-a78081b6dc13;2499763594;mosenergo_counters;step;change;https://www.mos.ru/pgu/ru/application/mosenergo/counters/#step_1;mosenergo;counters;MPGU;;;2017-07-11-09
3c43ae98-067d-4e6b-8fd4-f1c489db471b;2499763594;guis-47;bill;prepare;;;;;;;2017-07-11-09
f922c942-6987-46ab-be82-7130639d996b;2499763594;guis_-47;formcontroller;send;https://www.mos.ru/pgu/ru/application/guis/-47/#step_1;guis;-47;MPGU;;;2017-07-11-09
4de1893e-ac49-4021-9622-bd05e7a135eb;2499763594;guis_-47;formcontroller;send;https://www.mos.ru/pgu/ru/application/guis/-47/#step_1;guis;-47;MPGU;;;2017-07-11-09
27a4c882-a247-4c73-90e0-2ed29acbd003;2499763594;dogm_journal;enter;service;https://www.mos.ru/pgu/ru/application/dogm/journal/#step_1;dogm;journal;MPGU;;;2017-07-11-09
8fda7b10-4cf1-4a9d-aa6c-7e75d28c9bc7;2499763594;guis-47;getEpd;success;https://www.mos.ru/pgu/ru/application/guis/-47/?onsite_from=topmenu#step_1;guis;-47;MPGU;;;2017-07-11-09
c84e60fb-6a0e-4ff8-9893-1b0ed1fe772f;2499763594;elk;save;cancel;https://www.mos.ru/pgu/ru/application/mosobr/77060601/#step_1;mosobr;77060601;MPGU;;;2017-07-11-09
4a8da622-e783-48e8-86e7-04e01d02c448;2499763594;clinics_reg;doc;before;;;;;;;2017-07-11-09
a2a4a617-c7d0-4acd-8447-29d08d6201f2;2499763594;clinics_reg;error;soapfault;;;;;;;2017-07-11-09
4ceecd59-20b4-44f2-93a5-4e66dfef979e;2499763594;charges;search;success;;;;;;;2017-07-11-09
71d7d922-7360-4ae3-8296-d94120e854c9;2499763594;guis-47;bill;prepare;;;;;;;2017-07-11-09
e1739171-6cb6-419d-9fbf-1a999d579b0c;2499763594;mosenergo_counters;step;change;https://www.mos.ru/pgu/ru/application/mosenergo/counters/#step_1;mosenergo;counters;MPGU;;;2017-07-11-09
9a9e5fe6-d73d-457a-a013-e95c3ae5ce49;2499763594;gibdd_fines;step_epsh;success;https://www.mos.ru/pgu/ru/application/gibdd/fines/?onsite_from=popular#step_2;gibdd;fines;MPGU;;;2017-07-11-09
Unauthorized;2499763594;charges;search;success;;;;;;;2017-07-11-09
8c310662-6082-48f8-9d98-155b6c3ea5a5;2499763594;msr_010303;search;not-found;;;;;;;2017-07-11-09
Unauthorized;2499763594;guis_-47;formcontroller;send;https://www.mos.ru/pgu/ru/application/guis/-47/#step_1;guis;-47;MPGU;;;2017-07-11-09
8dfae665-51f2-45e6-8e5e-0a70382ce1cb;2499763594;guis-47;bill;pay;;;;;;;2017-07-11-09
99166e15-a4ed-4c62-b2cc-3ba01fc0e424;2499763594;dtis_020301;step;change;https://www.mos.ru/pgu/ru/application/dtis/020301/#step_7;dtis;20301;MPGU;;;2017-07-11-09
99166e15-a4ed-4c62-b2cc-3ba01fc0e424;2499763594;dtis_020301;step;change;https://www.mos.ru/pgu/ru/application/dtis/020301/#step_7;dtis;20301;MPGU;;;2017-07-11-09
2738993b-0a84-4df1-b6dc-ae6803d1458d;2499763594;clinics_reg;doc;before;;;;;;;2017-07-11-09
edd3dc3c-69ec-449f-89d5-89dd4ffdec29;2499763594;clinics_reg;doc;before;;;;;;;2017-07-11-09
3c43ae98-067d-4e6b-8fd4-f1c489db471b;2499763594;guis-47;getEpd;success;https://www.mos.ru/pgu/ru/application/guis/-47/#step_1;guis;-47;MPGU;;;2017-07-11-09
d4f7e6fc-e87e-41d3-9167-c271bead9d79;2499763594;guis_-47;formcontroller;start;https://www.mos.ru/pgu/ru/application/guis/-47/?onsite_from=popular#step_1;guis;-47;MPGU;;;2017-07-11-09
fccf33a2-e63a-4eee-9bb1-ca12591570cf;2499763594;guis_-47;formcontroller;start;https://www.mos.ru/pgu/ru/application/guis/-47/;guis;-47;MPGU;;;2017-07-11-09
68a065ba-2cad-4507-888a-dff058e5c1e8;2499763594;guis-47;getEpd;success;https://www.mos.ru/pgu/ru/application/guis/-47/#;guis;-47;MPGU;;;2017-07-11-09
029cc825-5ad9-420f-b23c-82ec0261de03;2499763594;gibdd_fines;step;change;https://www.mos.ru/pgu/ru/application/gibdd/fines/?onsite_from=popular#step_1;gibdd;fines;MPGU;;;2017-07-11-09
aeadac26-3e19-438b-8e4a-a1ae754bbe41;2499763594;guis-47;bill;pay;;;;;;;2017-07-11-09
de20e6fd-9a99-4d66-ad3e-93b4899aae3d;2499763594;clinics_reg;error;soapfault;;;;;;;2017-07-11-09
8906864a-3bda-4264-ac20-d436b6ef0ca1;2499763594;guis_-47;formcontroller;send;https://www.mos.ru/pgu/ru/application/guis/-47/?onsite_from=popular#step_1;guis;-47;MPGU;;;2017-07-11-09
f921804b-c5ad-417c-ab17-3c58ec1acb2a;2499763594;guis_-47;formcontroller;start;https://www.mos.ru/pgu/ru/application/guis/-47/?onsite_from=popular#step_1;guis;-47;MPGU;;;2017-07-11-09
71cd686c-cfb1-43e2-96ac-d12000b5c415;2499763594;guis_-47;formcontroller;start;https://www.mos.ru/pgu/ru/application/guis/-47/?onsite_from=popular;guis;-47;MPGU;;;2017-07-11-09
7f558633-bf43-4d3b-b29c-bf0727789297;2499763594;dogm_040201;step;change;https://www.mos.ru/pgu/ru/application/dogm/040201/?onsite_from=popular#step_1;dogm;40201;MPGU;;;2017-07-11-09
0b1a6e33-bd4c-4a9a-a7e6-54a67896c7c9;2499763594;guis-47;getEpd;success;https://www.mos.ru/pgu/ru/application/guis/-47/#;guis;-47;MPGU;;;2017-07-11-09
2c5bcf7b-7f49-4464-b31f-2fc5e4e3fae2;2499763594;oati_021201;step;change;https://www.mos.ru/pgu/ru/application/oati/021201/#step_2;oati;21201;MPGU;;;2017-07-11-09
8f21e02c-d1ae-424f-8b56-3b1aa99f9b0f;2499763594;clinics_reg;error;soapfault;;;;;;;2017-07-11-09
7e19c0a1-c44b-4ddf-879e-57948fd32426;2499763594;clinics_reg;doc;before;;;;;;;2017-07-11-09
0bcb9678-75cb-4cdf-b67a-2e6e33ad7c4f;2499763594;clinics_reg;doc;before;;;;;;;2017-07-11-09
08c330a0-d786-4393-a837-389ca830d838;2499763594;charges;search;success;;;;;;;2017-07-11-09
e24938af-817b-4a37-a426-fdb3b4e762fd;2499763594;clinics_reg;doc;before;;;;;;;2017-07-11-09
81083f44-0758-40b1-aa8b-cd7469e0defc;2499763594;1111;addError;5;;;;;;;2017-07-11-09
67de3a1a-1e19-4c08-b338-4d25297b90f1;2499763594;dzm_086901;step;change;https://www.mos.ru/pgu/ru/application/dzm/086901/#step_2;dzm;86901;MPGU;;;2017-07-11-09
f32fcc85-9e01-474b-9085-01053adda89f;2499763594;guis-47;bill;prepare;;;;;;;2017-07-11-09
2738993b-0a84-4df1-b6dc-ae6803d1458d;2499763594;clinics_reg;error;soapfault;;;;;;;2017-07-11-09
26da9dad-4197-4a20-8ecc-223b7e8a5441;2499763594;guis_-47;formcontroller;send;https://www.mos.ru/pgu/ru/application/guis/-47/?onsite_from=popular#;guis;-47;MPGU;;;2017-07-11-09
965157d3-9aaa-47d4-b658-9c963499da7c;2499763594;guis-47;getEpd;fail;https://www.mos.ru/pgu/ru/application/guis/-47/?onsite_from=popular#step_2;guis;-47;MPGU;;;2017-07-11-09
965157d3-9aaa-47d4-b658-9c963499da7c;2499763594;guis-47;getEpd;fail;https://www.mos.ru/pgu/ru/application/guis/-47/?onsite_from=popular#step_2;guis;-47;MPGU;;;2017-07-11-09
d474de06-f020-4ea0-94df-fb47fee92976;2499763594;clinics_reg;doc;before;;;;;;;2017-07-11-09
8fda7b10-4cf1-4a9d-aa6c-7e75d28c9bc7;2499763594;guis-47;bill;prepare;;;;;;;2017-07-11-09
9237b987-4683-44b0-81b5-c97466c7c594;2499763594;guis_-47;formcontroller;start;https://www.mos.ru/pgu/ru/application/guis/-47/?onsite_from=popular;guis;-47;MPGU;;;2017-07-11-09
dec345ca-e5dd-4449-ba56-08a9782feb06;2499763594;gibdd_fines;step_epsh;success;https://www.mos.ru/pgu/ru/application/gibdd/fines/?onsite_from=popular#step_2;gibdd;fines;MPGU;;;2017-07-11-09
cefcbb44-399c-450e-a2c4-06eb083fe734;2499763594;mosenergo_counters;formcontroller;start;https://www.mos.ru/pgu/ru/application/mosenergo/counters/?onsite_from=popular#step_1;mosenergo;counters;MPGU;;;2017-07-11-09
Unauthorized;2499763594;charges;search;success;;;;;;;2017-07-11-09
73d871a4-6a35-4920-82e5-11d81762b502;2499763594;guis-47;getEpd;success;https://www.mos.ru/pgu/ru/application/guis/-47/#step_1;guis;-47;MPGU;;;2017-07-11-09
abd580c7-77bb-443b-b99a-04d1045908f1;2499763594;elk;save;cancel;https://www.mos.ru/pgu/ru/application/dszn/006101/#step_3;dszn;6101;MPGU;;;2017-07-11-09
35f0ba9a-3a4e-4af6-aafd-8afc5c3fc4e5;2499763594;mosenergo_counters;formcontroller;start;https://www.mos.ru/pgu/ru/application/mosenergo/counters/?onsite_from=popular#step_1;mosenergo;counters;MPGU;;;2017-07-11-09
766767c3-23c5-4830-a3b8-e4bf218de8fb;2499763594;1111;getCounter;success;;;;;;;2017-07-11-09
b93cdee0-5add-49f0-86fc-15747b2387c4;2499763594;clinics_review;cancel;after;;;;;;;2017-07-11-09
03b366e9-e7b4-4667-9fcd-f0365ed7aa19;2499763594;guis-47;getEpd;success;https://www.mos.ru/pgu/ru/application/guis/-47/#step_1;guis;-47;MPGU;;;2017-07-11-09
d0f3a4b0-2f96-4276-b1e8-b0c71992aee1;2499763594;guis-47;bill;prepare;;;;;;;2017-07-11-09
8562d20e-a220-43a5-8b4a-a7c26dd17a81;2499763594;clinics_reg;doc;before;;;;;;;2017-07-11-09
0bcb9678-75cb-4cdf-b67a-2e6e33ad7c4f;2499763594;clinics_reg;error;soapfault;;;;;;;2017-07-11-09
8b9e6135-4eb1-4260-91ab-a7469bec4cda;2499763594;guis-47;bill;pay;;;;;;;2017-07-11-09
d41d4947-ee3c-496b-bf0a-44bfe73acba5;2499763594;guis-47;bill;prepare;;;;;;;2017-07-11-09
0065c20c-845b-4ca5-bc86-a735b1877a2f;2499763594;gibdd_fines;formcontroller;start;https://www.mos.ru/pgu/ru/application/gibdd/fines/?onsite_from=popular#step_1;gibdd;fines;MPGU;;;2017-07-11-09
2f7e3730-c003-46c9-a90d-29abd799d047;2499763594;guis_-47;formcontroller;send;https://www.mos.ru/pgu/ru/application/guis/-47/?onsite_from=popular#step_1;guis;-47;MPGU;;;2017-07-11-09
521f1ec7-d70a-4521-816b-1393074eacbb;2499763594;clinics_reg;doc;before;;;;;;;2017-07-11-09
13058bee-b89b-483a-9e95-6d59708254ec;2499763594;clinics_reg;error;soapfault;;;;;;;2017-07-11-09
c4fb52ba-abef-47ca-ae05-6d3abfd601c5;2499763594;guis-47;bill;prepare;;;;;;;2017-07-11-09
9a9e5fe6-d73d-457a-a013-e95c3ae5ce49;2499763594;gibdd_fines;formcontroller;start;https://www.mos.ru/pgu/ru/application/gibdd/fines/?onsite_from=popular#step_1;gibdd;fines;MPGU;;;2017-07-11-09
ee761d44-bcd6-4a70-838a-83febc6b570e;2499763594;dogm_journal;account;choose;https://www.mos.ru/pgu/ru/application/dogm/journal/#step_1;dogm;journal;MPGU;;;2017-07-11-09
fd792a63-dd46-4e1f-a1a7-d4b56628b83b;2499763594;dtis_020401;formcontroller;send;https://www.mos.ru/pgu/ru/application/dtis/020401/#step_8;dtis;20401;MPGU;;;2017-07-11-09
abd580c7-77bb-443b-b99a-04d1045908f1;2499763594;dszn_001001;formcontroller;start;https://www.mos.ru/pgu/ru/application/dszn/001001/;dszn;1001;MPGU;;;2017-07-11-09
9fe851ef-07ca-4e9a-b872-89f6448e5c49;2499763594;guis-47;bill;prepare;;;;;;;2017-07-11-09
abd580c7-77bb-443b-b99a-04d1045908f1;2499763594;elk;save;cancel;https://www.mos.ru/pgu/ru/application/dszn/006201/#step_3;dszn;6201;MPGU;;;2017-07-11-09
d0f3a4b0-2f96-4276-b1e8-b0c71992aee1;2499763594;guis-47;getEpd;success;https://www.mos.ru/pgu/ru/application/guis/-47/#step_1;guis;-47;MPGU;;;2017-07-11-09
abd580c7-77bb-443b-b99a-04d1045908f1;2499763594;elk;save;cancel;https://www.mos.ru/pgu/ru/application/dszn/000501/#step_3;dszn;501;MPGU;;;2017-07-11-09
6726c197-30e1-4592-9f40-844f5231251b;2499763594;clinics_reg;doc;before;;;;;;;2017-07-11-09
521f1ec7-d70a-4521-816b-1393074eacbb;2499763594;clinics_reg;error;soapfault;;;;;;;2017-07-11-09
71b8f235-a17b-4a5b-af66-b0e3b063fbd8;2499763594;guis_-47;formcontroller;send;https://www.mos.ru/pgu/ru/application/guis/-47/?onsite_from=popular#step_1;guis;-47;MPGU;;;2017-07-11-09
8906864a-3bda-4264-ac20-d436b6ef0ca1;2499763594;guis-47;getEpd;success;https://www.mos.ru/pgu/ru/application/guis/-47/?onsite_from=popular#step_1;guis;-47;MPGU;;;2017-07-11-09
Unauthorized;2499763594;guis-47;getEpd;success;https://www.mos.ru/pgu/ru/application/guis/-47/?onsite_from=popular#step_1;guis;-47;MPGU;;;2017-07-11-09
ee761d44-bcd6-4a70-838a-83febc6b570e;2499763594;dogm_journal;enter;mrko;;;;;;;2017-07-11-09
c0a627f2-90ae-4747-a908-a69f9fe0b69b;2499763594;clinics_reg;error;soapfault;;;;;;;2017-07-11-09
aa94efb5-1d18-422b-a19c-47d938ec3d84;2499763594;clinics_reg;doc;before;;;;;;;2017-07-11-09
14902dda-e545-46cd-a4fb-aa41ec0f6531;2499763594;guis_-47;formcontroller;send;https://www.mos.ru/pgu/ru/application/guis/-47/?onsite_from=popular#step_1;guis;-47;MPGU;;;2017-07-11-09
14902dda-e545-46cd-a4fb-aa41ec0f6531;2499763594;guis-47;bill;prepare;;;;;;;2017-07-11-09
5dd4f060-e8a5-491a-953f-4cd8eba3e713;2499763594;guis_-47;formcontroller;start;https://www.mos.ru/pgu/ru/application/guis/-47/?onsite_from=popular;guis;-47;MPGU;;;2017-07-11-09
235454fd-2169-4612-b5ee-fc8aa3d47e17;2499763594;clinics_reg;doc;before;;;;;;;2017-07-11-09
7d839abc-845c-4a29-a670-a3958091f7e2;2499763594;1111;addCounter;success;;;;;;;2017-07-11-09
07c5e350-f278-4a99-8027-f5bd698ca869;2499763594;guis-47;getEpd;success;https://www.mos.ru/pgu/ru/application/guis/-47/#step_1;guis;-47;MPGU;;;2017-07-11-09
9fe851ef-07ca-4e9a-b872-89f6448e5c49;2499763594;guis-47;getEpd;success;https://www.mos.ru/pgu/ru/application/guis/-47/?onsite_from=popular#step_1;guis;-47;MPGU;;;2017-07-11-09
26818246-4cd7-4eb8-92df-c76fb556e2ec;2499763594;guis-47;getEpd;fail;https://www.mos.ru/pgu/ru/application/guis/-47/?onsite_from=popular#step_2;guis;-47;MPGU;;;2017-07-11-09
Unauthorized;2499763594;taxi_zapros;listSuccess;;https://www.mos.ru/pgu/ru/application/taxi/zapros/?utm_source=EVP&utm_campaign=people&utm_term=98&utm_medium=cpc&utm_content=2065#step_2;taxi;zapros;MPGU;;;2017-07-11-09
07c5e350-f278-4a99-8027-f5bd698ca869;2499763594;guis-47;bill;prepare;;;;;;;2017-07-11-09
aa01ca67-0515-4931-b901-c33d6d07226a;2499763594;guis_-47;formcontroller;start;https://www.mos.ru/pgu/ru/application/guis/-47/;guis;-47;MPGU;;;2017-07-11-09
f03e8988-f6f5-4130-b65b-3f2dd42dcc45;2499763594;clinics_reg;doc;before;;;;;;;2017-07-11-09
b9c808f7-19b9-4b9b-9036-d82148234e86;2499763594;clinics_reg;ldp;after;;;;;;;2017-07-11-09
965157d3-9aaa-47d4-b658-9c963499da7c;2499763594;guis_-47;formcontroller;send;https://www.mos.ru/pgu/ru/application/guis/-47/?onsite_from=popular#step_1;guis;-47;MPGU;;;2017-07-11-09
965157d3-9aaa-47d4-b658-9c963499da7c;2499763594;guis-47;getEpd;success;https://www.mos.ru/pgu/ru/application/guis/-47/?onsite_from=popular#step_1;guis;-47;MPGU;;;2017-07-11-09
Unauthorized;2499763594;dgi_022501;step;change;https://www.mos.ru/pgu/ru/application/dgi/022501/#step_1;dgi;22501;MPGU;;;2017-07-11-09
edd18a21-5cc0-4112-b55b-c90fcf1adf37;2499763594;guis_-47;formcontroller;send;https://www.mos.ru/pgu/ru/application/guis/-47/#step_1;guis;-47;MPGU;;;2017-07-11-09
2326f791-2cef-4bdd-a645-3e1d8ada254a;2499763594;1111;getCounter;success;;;;;;;2017-07-11-09
e54bea28-f4b2-4515-8ffa-6426f00a3349;2499763594;clinics_reg;doc;before;;;;;;;2017-07-11-09
0d824bb9-0e06-4825-9e11-69e76cfa2224;2499763594;1111;getCounter;success;;;;;;;2017-07-11-09
67a173e9-fcc3-4661-a689-24e485ce28e3;2499763594;dtis_020401;step;change;https://www.mos.ru/pgu/ru/application/dtis/020401/#step_5;dtis;20401;MPGU;;;2017-07-11-09
0acfe9a4-f8be-416a-ac4e-e2f9e93cca3f;2499763594;dszn_17;service;selected;https://www.mos.ru/pgu/ru/application/dszn/17/#step_1;dszn;17;MPGU;;;2017-07-11-09
2eab5412-bb6d-4fc6-885e-c44dc18f02d9;2499763594;clinics_reg;doc;before;;;;;;;2017-07-11-09
c86296ee-1b1d-4026-9752-0d813afb31f1;2499763594;dogm_77060201;formcontroller;send;https://www.mos.ru/pgu/ru/application/dogm/77060201/#step_3;dogm;77060201;MPGU;;;2017-07-11-09
47499502-cab3-4d78-8808-48e4b50840df;2499763594;clinics_reg;direction;before;;;;;;;2017-07-11-09
0d824bb9-0e06-4825-9e11-69e76cfa2224;2499763594;guis_1111;step;change;https://www.mos.ru/pgu/ru/application/guis/1111/#step_1;guis;1111;MPGU;;;2017-07-11-09
7df3ca30-0b0f-4efa-bf34-4101b2d92623;2499763594;clinics_reg;doc;before;;;;;;;2017-07-11-09
b85ae2db-1cc2-4549-ac25-49f4bbc42e97;2499763594;dogm_journal;enter;service;https://www.mos.ru/pgu/ru/application/dogm/journal/#step_1;dogm;journal;MPGU;;;2017-07-11-09
b85ae2db-1cc2-4549-ac25-49f4bbc42e97;2499763594;dogm_journal;formcontroller;start;https://www.mos.ru/pgu/ru/application/dogm/journal/;dogm;journal;MPGU;;;2017-07-11-09
4a9bbfc4-19f4-4c28-adeb-a43f3484baa3;2499763594;clinics_reg;doc;before;;;;;;;2017-07-11-09
a47a1208-eb80-442a-a013-451a5d6e1558;2499763594;guis-47;getEpd;success;https://www.mos.ru/pgu/ru/application/guis/-47/#step_1;guis;-47;MPGU;;;2017-07-11-09
a47a1208-eb80-442a-a013-451a5d6e1558;2499763594;guis-47;getEpd;fail;https://www.mos.ru/pgu/ru/application/guis/-47/#step_2;guis;-47;MPGU;;;2017-07-11-09
Unauthorized;2499763594;charges;search;success;;;;;;;2017-07-11-09
3d5322f8-3109-4086-afd6-90ca293c833f;2499763594;guis_-47;formcontroller;start;https://www.mos.ru/pgu/ru/application/guis/-47/?onsite_from=popular;guis;-47;MPGU;;;2017-07-11-09
fc2b7355-6625-493f-90eb-390db098f961;2499763594;guis_-47;step;change;https://www.mos.ru/pgu/ru/application/guis/-47/?onsite_from=popular#step_2;guis;-47;MPGU;;;2017-07-11-09
e49814e6-4a9c-414e-84f5-fc323405b6ed;2499763594;clinics_reg;error;soapfault;;;;;;;2017-07-11-09
4a9bbfc4-19f4-4c28-adeb-a43f3484baa3;2499763594;clinics_reg;error;soapfault;;;;;;;2017-07-11-09
2f7e3730-c003-46c9-a90d-29abd799d047;2499763594;guis_-47;step;change;https://www.mos.ru/pgu/ru/application/guis/-47/?onsite_from=popular#step_2;guis;-47;MPGU;;;2017-07-11-09
698d887a-781b-474a-a25f-da18d3b1732a;2499763594;clinics_reg;doc;before;;;;;;;2017-07-11-09
81083f44-0758-40b1-aa8b-cd7469e0defc;2499763594;1111;getCounter;success;;;;;;;2017-07-11-09
ebe09da8-d3b5-432e-bae0-611cb0b48c81;2499763594;mosenergo_counters;step;change;https://www.mos.ru/pgu/ru/application/mosenergo/counters/?onsite_from=popular#step_1;mosenergo;counters;MPGU;;;2017-07-11-09
b430a3a0-a87e-44d4-ac8e-49c5d1f13db8;2499763594;guis-47;bill;prepare;;;;;;;2017-07-11-09
1c2731ad-c83c-41aa-b8f2-a594d9c5f2e4;2499763594;guis-47;getEpd;fail;https://www.mos.ru/pgu/ru/application/guis/-47/?onsite_from=popular#step_2;guis;-47;MPGU;;;2017-07-11-09
a8c4dcb8-999d-48a0-8367-7b007e978abd;2499763594;guis-47;bill;prepare;;;;;;;2017-07-11-09
f32fcc85-9e01-474b-9085-01053adda89f;2499763594;guis-47;getEpd;fail;https://www.mos.ru/pgu/ru/application/guis/-47/#step_1;guis;-47;MPGU;;;2017-07-11-09
abd580c7-77bb-443b-b99a-04d1045908f1;2499763594;dszn_001001;step;change;https://www.mos.ru/pgu/ru/application/dszn/001001/#step_1;dszn;1001;MPGU;;;2017-07-11-09
abd580c7-77bb-443b-b99a-04d1045908f1;2499763594;dszn_17;cat;selected;https://www.mos.ru/pgu/ru/application/dszn/001001/#step_1;dszn;1001;MPGU;;;2017-07-11-09
47675611-be45-4f9d-be50-43ef8dbf0528;2499763594;guis-47;bill;prepare;;;;;;;2017-07-11-09
cd79af61-39c2-401a-b319-40d03a1e616d;2499763594;clinics_reg;doc;before;;;;;;;2017-07-11-09
fad203db-ad33-495e-9476-f8fb1af353d8;2499763594;clinics_shift;doc;before;;;;;;;2017-07-11-09
e2c7655d-98a4-4c5c-bcb7-57c9468847a7;2499763594;1111;getCounter;success;;;;;;;2017-07-11-09
f921804b-c5ad-417c-ab17-3c58ec1acb2a;2499763594;guis-47;getEpd;success;https://www.mos.ru/pgu/ru/application/guis/-47/?onsite_from=popular#step_1;guis;-47;MPGU;;;2017-07-11-09
b85ae2db-1cc2-4549-ac25-49f4bbc42e97;2499763594;dogm_journal;enter;ezhd;;;;;;;2017-07-11-09
Unauthorized;2499763594;charges;search;success;;;;;;;2017-07-11-09
2326f791-2cef-4bdd-a645-3e1d8ada254a;2499763594;guis_1111;formcontroller;start;https://www.mos.ru/pgu/ru/application/guis/1111/?onsite_from=popular;guis;1111;MPGU;;;2017-07-11-09
71cd686c-cfb1-43e2-96ac-d12000b5c415;2499763594;guis_-47;formcontroller;send;https://www.mos.ru/pgu/ru/application/guis/-47/?onsite_from=popular#step_1;guis;-47;MPGU;;;2017-07-11-09
cd79af61-39c2-401a-b319-40d03a1e616d;2499763594;clinics_reg;error;soapfault;;;;;;;2017-07-11-09
8906864a-3bda-4264-ac20-d436b6ef0ca1;2499763594;guis-47;getEpd;fail;https://www.mos.ru/pgu/ru/application/guis/-47/?onsite_from=popular#step_2;guis;-47;MPGU;;;2017-07-11-09
11de3014-fcbc-43f9-960d-23436a686a6e;2499763594;guis-47;bill;prepare;;;;;;;2017-07-11-09
3ba24933-430b-40e8-81e1-a53715b6a74f;2499763594;mosenergo_counters;formcontroller;start;https://www.mos.ru/pgu/ru/application/mosenergo/counters/;mosenergo;counters;MPGU;;;2017-07-11-09
71b7163b-d415-4a1d-a4b9-c51ca09c41a5;2499763594;clinics_reg;doc;before;;;;;;;2017-07-11-09
02253d25-325b-45f9-8622-cd95232fde26;2499763594;dtis_020401;step;change;https://www.mos.ru/pgu/ru/application/dtis/020401/#step_7;dtis;20401;MPGU;;;2017-07-11-09
02253d25-325b-45f9-8622-cd95232fde26;2499763594;dtis_020401;step;change;https://www.mos.ru/pgu/ru/application/dtis/020401/#step_7;dtis;20401;MPGU;;;2017-07-11-09
c53af5cd-b4d8-474a-b950-9c8a67e3522a;2499763594;clinics_review;cancel;after;;;;;;;2017-07-11-09
258bc0b6-42ed-430f-b1a1-69ad34d0810d;2499763594;1111;getCounter;success;;;;;;;2017-07-11-09
559bfb94-877a-4430-86f4-d34b3538fd82;2499763594;guis-47;bill;pay;;;;;;;2017-07-11-09
7b8b6093-48c0-4047-b354-e40388359548;2499763594;guis_-47;step;change;https://www.mos.ru/pgu/ru/application/guis/-47/?onsite_from=topmenu#step_2;guis;-47;MPGU;;;2017-07-11-09
439b8e1b-ca0f-4c40-81d4-c1fffdd72eff;2499763594;guis-47;getEpd;success;https://www.mos.ru/pgu/ru/application/guis/-47/#step_1;guis;-47;MPGU;;;2017-07-11-09
241e8cef-e62b-4cb2-b23b-6d7bd4b7436b;2499763594;clinics_reg;error;soapfault;;;;;;;2017-07-11-09
d8da1349-277a-4d08-907e-db75abf70bed;2499763594;dogm_040201;formcontroller;send;https://www.mos.ru/pgu/ru/application/dogm/040201/?onsite_from=topindex#;dogm;40201;MPGU;;;2017-07-11-09
6f32d495-9f1f-400f-a706-efca996bfd06;2499763594;clinics_reg;doc;before;;;;;;;2017-07-11-09
88330619-08bc-4615-8f60-d7bd144d3922;2499763594;gibdd_fines;formcontroller;start;https://www.mos.ru/pgu/ru/application/gibdd/fines/;gibdd;fines;MPGU;;;2017-07-11-09
9fe851ef-07ca-4e9a-b872-89f6448e5c49;2499763594;guis-47;getEpd;fail;https://www.mos.ru/pgu/ru/application/guis/-47/?onsite_from=popular#step_2;guis;-47;MPGU;;;2017-07-11-09
b05e72d1-028e-417a-820f-4456f8f30009;2499763594;guis_1111;step;change;https://www.mos.ru/pgu/ru/application/guis/1111/?onsite_from=popular#step_1;guis;1111;MPGU;;;2017-07-11-09
b1584c06-0c6a-4a86-b295-64dc9242cee1;2499763594;clinics_reg;error;soapfault;;;;;;;2017-07-11-09
6f32d495-9f1f-400f-a706-efca996bfd06;2499763594;clinics_reg;error;soapfault;;;;;;;2017-07-11-09
01c5c01b-53cf-4cdf-92d7-e9477ed89ec7;2499763594;guis_1111;step;change;https://www.mos.ru/pgu/ru/application/guis/1111/#step_1;guis;1111;MPGU;;;2017-07-11-09
Unauthorized;2499763594;gibdd_040101;step;change;https://www.mos.ru/pgu/ru/application/gibdd/040101/#step_1;gibdd;40101;MPGU;;;2017-07-11-09
352596c4-1177-470d-b715-04215412e3d3;2499763594;clinics_shift;doc;before;;;;;;;2017-07-11-09
9a9e5fe6-d73d-457a-a013-e95c3ae5ce49;2499763594;charges;search;success;;;;;;;2017-07-11-09
9237b987-4683-44b0-81b5-c97466c7c594;2499763594;guis_-47;formcontroller;send;https://www.mos.ru/pgu/ru/application/guis/-47/?onsite_from=popular#step_1;guis;-47;MPGU;;;2017-07-11-09
0acfe9a4-f8be-416a-ac4e-e2f9e93cca3f;2499763594;dszn_17;service;selected;https://www.mos.ru/pgu/ru/application/dszn/17/#step_1;dszn;17;MPGU;;;2017-07-11-09
33f24cde-db37-46a2-bb43-5695b924e96a;2499763594;1111;getCounter;success;;;;;;;2017-07-11-09
70bf79f3-455f-436a-8b48-664eac21bdbe;2499763594;dogm_04201;request;sent;https://www.mos.ru/pgu/ru/application/dogm/040201/#;dogm;40201;MPGU;;;2017-07-11-09
11de3014-fcbc-43f9-960d-23436a686a6e;2499763594;guis_-47;formcontroller;send;https://www.mos.ru/pgu/ru/application/guis/-47/?onsite_from=popular#step_1;guis;-47;MPGU;;;2017-07-11-09
a00b8983-0b7e-4964-8545-caf34ad23e86;2499763594;oiv_booking;error;lock_records;;;;;;;2017-07-11-09
ac56116f-d135-4cab-af62-4511907ac8ea;2499763594;dogm_04201;request;sent;https://www.mos.ru/pgu/ru/application/dogm/040201/#;dogm;40201;MPGU;;;2017-07-11-09
214cefcc-0f32-41a6-a53c-45c793d64fb2;2499763594;clinics_reg;error;soapfault;;;;;;;2017-07-11-09
3c033e6b-36cb-40e4-8e8d-2e05b42afbfd;2499763594;guis_-47;formcontroller;send;https://www.mos.ru/pgu/ru/application/guis/-47/?onsite_from=popular#step_1;guis;-47;MPGU;;;2017-07-11-09
decb2918-3c10-4fa7-a89f-4c7826f39541;2499763594;clinics_shift;doc;before;;;;;;;2017-07-11-09
b6b192d8-8425-4b56-8c92-1d7ddce79fc4;2499763594;charges;search;success;;;;;;;2017-07-11-09
81083f44-0758-40b1-aa8b-cd7469e0defc;2499763594;1111;getCounter;success;;;;;;;2017-07-11-09
8fafc150-370b-492b-8414-5f04d6016aef;2499763594;guis_-47;formcontroller;start;https://www.mos.ru/pgu/ru/application/guis/-47/?onsite_from=popular#step_1;guis;-47;MPGU;;;2017-07-11-09
b430a3a0-a87e-44d4-ac8e-49c5d1f13db8;2499763594;guis-47;getEpd;success;https://www.mos.ru/pgu/ru/application/guis/-47/#;guis;-47;MPGU;;;2017-07-11-09
352596c4-1177-470d-b715-04215412e3d3;2499763594;clinics_shift;doc;after;;;;;;;2017-07-11-09
563e74e0-32cc-43ed-9db5-0d67320fc308;2499763594;guis_-47;formcontroller;start;https://www.mos.ru/pgu/ru/application/guis/-47/?onsite_from=popular;guis;-47;MPGU;;;2017-07-11-09
Unauthorized;2499763594;charges;search;success;;;;;;;2017-07-11-09
b430a3a0-a87e-44d4-ac8e-49c5d1f13db8;2499763594;guis-47;bill;prepare;;;;;;;2017-07-11-09
fc2b7355-6625-493f-90eb-390db098f961;2499763594;guis_-47;step;change;https://www.mos.ru/pgu/ru/application/guis/-47/?onsite_from=popular#;guis;-47;MPGU;;;2017-07-11-09
28e63d83-6dc7-46af-ba3f-3f51322b7ad6;2499763594;dogm_77060201;formcontroller;start;https://www.mos.ru/pgu/ru/application/dogm/77060201/;dogm;77060201;MPGU;;;2017-07-11-09
2f7e3730-c003-46c9-a90d-29abd799d047;2499763594;guis-47;getEpd;success;https://www.mos.ru/pgu/ru/application/guis/-47/?onsite_from=popular#step_1;guis;-47;MPGU;;;2017-07-11-09
21db95be-42f3-47ce-9a46-f2d7216edaef;2499763594;guis_1111;step;change;https://www.mos.ru/pgu/ru/application/guis/1111/?onsite_from=popular#step_1;guis;1111;MPGU;;;2017-07-11-09
72f320b3-760c-4134-a4ae-9024c4d30314;2499763594;guis-47;getEpd;success;https://www.mos.ru/pgu/ru/application/guis/-47/?onsite_from=topindex#step_1;guis;-47;MPGU;;;2017-07-11-09
72f320b3-760c-4134-a4ae-9024c4d30314;2499763594;guis_-47;formcontroller;send;https://www.mos.ru/pgu/ru/application/guis/-47/?onsite_from=topindex#step_1;guis;-47;MPGU;;;2017-07-11-09
1518b860-5c68-4a88-81f0-4af3104bbf3e;2499763594;guis-47;bill;prepare;;;;;;;2017-07-11-09
38bbfdaf-76f9-4d0c-a125-6ba94598483b;2499763594;dgi_316;step;change;https://www.mos.ru/pgu/ru/application/dgi/316/#step_1;dgi;316;MPGU;;;2017-07-11-09
84e5ca10-529a-4044-b279-f344fda958eb;2499763594;1111;getCounter;success;;;;;;;2017-07-11-09
1f4ad276-a35e-4954-86ac-7c163f1eae2c;2499763594;1111;addCounter;fail;;;;;;;2017-07-11-09
7fe6165b-0392-482e-93b6-f499c9250ff9;2499763594;guis_-47;formcontroller;start;https://www.mos.ru/pgu/ru/application/guis/-47/;guis;-47;MPGU;;;2017-07-11-09
decb2918-3c10-4fa7-a89f-4c7826f39541;2499763594;clinics_shift;error;soapfault;;;;;;;2017-07-11-09
a7cfd345-a164-42f8-8a39-dd1306660018;2499763594;guis_-47;step;change;https://www.mos.ru/pgu/ru/application/guis/-47/?onsite_from=popular#step_1;guis;-47;MPGU;;;2017-07-11-09
d2bce43e-b69f-4c1d-a1f9-32da5d7436e7;2499763594;clinics_reg;error;soapfault;;;;;;;2017-07-11-09
bb92506a-09e8-4fc5-aa7f-02d00614156a;2499763594;clinics_reg;error;soapfault;;;;;;;2017-07-11-09
1c2731ad-c83c-41aa-b8f2-a594d9c5f2e4;2499763594;guis_-47;formcontroller;send;https://www.mos.ru/pgu/ru/application/guis/-47/?onsite_from=popular#step_1;guis;-47;MPGU;;;2017-07-11-09
5e49d876-d214-47a3-80c8-f606f41e5b6c;2499763594;guis-47;getEpd;fail;https://www.mos.ru/pgu/ru/application/guis/-47/#step_2;guis;-47;MPGU;;;2017-07-11-09
99166e15-a4ed-4c62-b2cc-3ba01fc0e424;2499763594;dtis_020301;step;change;https://www.mos.ru/pgu/ru/application/dtis/020301/#step_7;dtis;20301;MPGU;;;2017-07-11-09
99166e15-a4ed-4c62-b2cc-3ba01fc0e424;2499763594;dtis_020301;step;change;https://www.mos.ru/pgu/ru/application/dtis/020301/#step_7;dtis;20301;MPGU;;;2017-07-11-09
99166e15-a4ed-4c62-b2cc-3ba01fc0e424;2499763594;dtis_020301;step;change;https://www.mos.ru/pgu/ru/application/dtis/020301/#step_7;dtis;20301;MPGU;;;2017-07-11-09
f32fcc85-9e01-474b-9085-01053adda89f;2499763594;guis_-47;formcontroller;send;https://www.mos.ru/pgu/ru/application/guis/-47/#step_2;guis;-47;MPGU;;;2017-07-11-09
f3fb31bc-9473-450f-8a69-3e026bf3d348;2499763594;guis_-47;formcontroller;start;https://www.mos.ru/pgu/ru/application/guis/-47/;guis;-47;MPGU;;;2017-07-11-09
2942c17c-8ee4-4d0d-af93-5068120e0997;2499763594;clinics_reg;error;soapfault;;;;;;;2017-07-11-09
01c5c01b-53cf-4cdf-92d7-e9477ed89ec7;2499763594;1111;addCounter;fail;;;;;;;2017-07-11-09
d0013e24-b253-4047-9aeb-dbfc4b99e29a;2499763594;guis_1111;step;change;https://www.mos.ru/pgu/ru/application/guis/1111/?onsite_from=popular#step_1;guis;1111;MPGU;;;2017-07-11-09
745b9ecb-d223-4644-b341-96d03cee22a6;2499763594;clinics_reg;error;soapfault;;;;;;;2017-07-11-09
56bd4416-fd78-4a48-97c1-373820682cc1;2499763594;guis-47;getEpd;success;https://www.mos.ru/pgu/ru/application/guis/-47/?onsite_from=popular#step_1;guis;-47;MPGU;;;2017-07-11-09
66171d0d-b389-4ae7-9b6e-68b03ef2b715;2499763594;charges;search;success;;;;;;;2017-07-11-09
Unauthorized;2499763594;charges;search;success;;;;;;;2017-07-11-09
93f8d811-749b-435d-b963-ea04fac574c6;2499763594;charges;search;success;;;;;;;2017-07-11-09
1a88880f-12bc-41c6-ade3-ae89740dc403;2499763594;charges;search;success;;;;;;;2017-07-11-09
edfa390a-b28b-4a3f-b0d2-71192162fa26;2499763594;charges;search;success;;;;;;;2017-07-11-09
036cb210-2658-448b-b83e-81481214162d;2499763594;guis_-47;formcontroller;send;https://www.mos.ru/pgu/ru/application/guis/-47/#step_1;guis;-47;MPGU;;;2017-07-11-09
abd580c7-77bb-443b-b99a-04d1045908f1;2499763594;dppioos_026001;formcontroller;start;https://www.mos.ru/pgu/ru/application/dppioos/026001/;dppioos;26001;MPGU;;;2017-07-11-09
bbfd2c8e-6546-4600-ba0b-66a24708d035;2499763594;clinics_reg;error;soapfault;;;;;;;2017-07-11-09
8906864a-3bda-4264-ac20-d436b6ef0ca1;2499763594;guis_-47;step;change;https://www.mos.ru/pgu/ru/application/guis/-47/?onsite_from=popular#step_2;guis;-47;MPGU;;;2017-07-11-09
ba023c8e-ea63-45a2-a74a-1a731ff16440;2499763594;charges;search;success;;;;;;;2017-07-11-09
56bd4416-fd78-4a48-97c1-373820682cc1;2499763594;guis-47;bill;prepare;;;;;;;2017-07-11-09
cfef8c9c-8021-4835-80ea-a5d174343bbc;2499763594;clinics_reg;error;soapfault;;;;;;;2017-07-11-09
2738993b-0a84-4df1-b6dc-ae6803d1458d;2499763594;clinics_reg;error;soapfault;;;;;;;2017-07-11-09
7b8b6093-48c0-4047-b354-e40388359548;2499763594;guis-47;getEpd;success;https://www.mos.ru/pgu/ru/application/guis/-47/?onsite_from=topmenu#step_1;guis;-47;MPGU;;;2017-07-11-09
517cd019-2e55-465e-a4a9-3c81a9ce7ee3;2499763594;guis-47;getEpd;success;https://www.mos.ru/pgu/ru/application/guis/-47/?onsite_from=popular#;guis;-47;MPGU;;;2017-07-11-09
496e8741-16cf-419c-b498-773f449cae64;2499763594;clinics_reg;doc;before;;;;;;;2017-07-11-09
ea04bded-281d-4a9e-9530-1f8a6c50c770;2499763594;1111;addCounter;success;;;;;;;2017-07-11-09
4e8b22bb-a159-4794-9726-9c8d94389269;2499763594;guis_1111;formcontroller;start;https://www.mos.ru/pgu/ru/application/guis/1111/?onsite_from=topindex#step_1;guis;1111;MPGU;;;2017-07-11-09
aa01ca67-0515-4931-b901-c33d6d07226a;2499763594;guis-47;bill;prepare;;;;;;;2017-07-11-09
f914b573-4eea-4979-9365-b6f61f2d3663;2499763594;guis_-47;formcontroller;send;https://www.mos.ru/pgu/ru/application/guis/-47/?onsite_from=popular#step_1;guis;-47;MPGU;;;2017-07-11-09
f914b573-4eea-4979-9365-b6f61f2d3663;2499763594;guis-47;getEpd;fail;https://www.mos.ru/pgu/ru/application/guis/-47/?onsite_from=popular#step_2;guis;-47;MPGU;;;2017-07-11-09
9fe851ef-07ca-4e9a-b872-89f6448e5c49;2499763594;guis_-47;formcontroller;send;https://www.mos.ru/pgu/ru/application/guis/-47/?onsite_from=popular#step_1;guis;-47;MPGU;;;2017-07-11-09
9fe851ef-07ca-4e9a-b872-89f6448e5c49;2499763594;guis-47;getEpd;success;https://www.mos.ru/pgu/ru/application/guis/-47/?onsite_from=popular#step_1;guis;-47;MPGU;;;2017-07-11-09
75eccc78-19ab-4ff9-b8bc-dc59c57d13a9;2499763594;clinics_reg;doc;before;;;;;;;2017-07-11-09
1e5d0642-3cbb-453c-9a5f-aaf5e28ee7d0;2499763594;clinics_reg;doc;before;;;;;;;2017-07-11-09
ddfba7c5-f973-4830-96d1-7a76f8bd971e;2499763594;guis-47;getEpd;success;https://www.mos.ru/pgu/ru/application/guis/-47/#step_1;guis;-47;MPGU;;;2017-07-11-09
84e5ca10-529a-4044-b279-f344fda958eb;2499763594;guis_1111;step;change;https://www.mos.ru/pgu/ru/application/guis/1111/?onsite_from=popular#step_1;guis;1111;MPGU;;;2017-07-11-09
Unauthorized;2499763594;msr_010303;step;change;https://www.mos.ru/pgu/ru/application/msr/010303/#step_1;msr;10303;MPGU;;;2017-07-11-09
965157d3-9aaa-47d4-b658-9c963499da7c;2499763594;guis_-47;formcontroller;send;https://www.mos.ru/pgu/ru/application/guis/-47/?onsite_from=popular#step_1;guis;-47;MPGU;;;2017-07-11-09
Unauthorized;2499763594;dgi_022501;formcontroller;send;https://www.mos.ru/pgu/ru/application/dgi/022501/#step_2;dgi;22501;MPGU;;;2017-07-11-09
e2c7655d-98a4-4c5c-bcb7-57c9468847a7;2499763594;1111;addCounter;success;;;;;;;2017-07-11-09
210ea6d4-3041-4961-b0eb-f34f1ea27180;2499763594;clinics_reg;doc;before;;;;;;;2017-07-11-09
eb86a90c-e4c3-4a2b-8f06-e019256eb4ad;2499763594;dszn_001001;step;change;https://www.mos.ru/pgu/ru/application/dszn/001001/#step_3;dszn;1001;MPGU;;;2017-07-11-09
e2c7655d-98a4-4c5c-bcb7-57c9468847a7;2499763594;1111;getCounter;success;;;;;;;2017-07-11-09
8906864a-3bda-4264-ac20-d436b6ef0ca1;2499763594;guis-47;bill;prepare;;;;;;;2017-07-11-09
5e3f2d22-dc7d-4bac-bb80-09f5ba27066c;2499763594;mosenergo_counters;PayCounters;relocate;https://www.mos.ru/pgu/ru/application/mosenergo/counters/#step_2;mosenergo;counters;MPGU;;;2017-07-11-09
2eab5412-bb6d-4fc6-885e-c44dc18f02d9;2499763594;clinics_reg;error;soapfault;;;;;;;2017-07-11-09
73d871a4-6a35-4920-82e5-11d81762b502;2499763594;guis_-47;step;change;https://www.mos.ru/pgu/ru/application/guis/-47/#step_2;guis;-47;MPGU;;;2017-07-11-09
72f320b3-760c-4134-a4ae-9024c4d30314;2499763594;guis-47;bill;pay;;;;;;;2017-07-11-09
488922db-8132-45c3-aee3-9b09f075213a;2499763594;guis_-47;formcontroller;send;https://www.mos.ru/pgu/ru/application/guis/-47/#step_1;guis;-47;MPGU;;;2017-07-11-09
Unauthorized;2499763594;guis_1111;formcontroller;start;https://www.mos.ru/pgu/ru/application/guis/1111/?onsite_from=popular#step_1;guis;1111;MPGU;;;2017-07-11-09
fe07ea0b-266f-49b4-b141-4be9973aa417;2499763594;guis-47;bill;prepare;;;;;;;2017-07-11-09
d499cd19-a667-4aaf-9dad-e5825028f490;2499763594;guis_-47;formcontroller;send;https://www.mos.ru/pgu/ru/application/guis/-47/?onsite_from=topindex#step_1;guis;-47;MPGU;;;2017-07-11-09
c5125fdf-12cb-40d5-8743-5d299371fe46;2499763594;guis-47;bill;prepare;;;;;;;2017-07-11-09
4e8b22bb-a159-4794-9726-9c8d94389269;2499763594;1111;getError;3;;;;;;;2017-07-11-09
3f630dbe-9ed5-46ef-899e-dbe9770b076e;2499763594;clinics_reg;doc;before;;;;;;;2017-07-11-09
1fbaf7b6-00f9-4431-9173-7e5fa010f0f5;2499763594;guis-47;getEpd;success;https://www.mos.ru/pgu/ru/application/guis/-47/?onsite_from=topindex#step_1;guis;-47;MPGU;;;2017-07-11-09
38bbfdaf-76f9-4d0c-a125-6ba94598483b;2499763594;dogm_016104;step;change;https://www.mos.ru/pgu/ru/application/dogm/016104/#step_2;dogm;16104;MPGU;;;2017-07-11-09
d4f7e6fc-e87e-41d3-9167-c271bead9d79;2499763594;guis-47;bill;prepare;;;;;;;2017-07-11-09
b430a3a0-a87e-44d4-ac8e-49c5d1f13db8;2499763594;guis_-47;step;change;https://www.mos.ru/pgu/ru/application/guis/-47/#;guis;-47;MPGU;;;2017-07-11-09
7693d80e-cd53-4534-8e2c-302de95a750f;2499763594;dogm_77060201;step;change;https://www.mos.ru/pgu/ru/application/dogm/77060201/#step_1;dogm;77060201;MPGU;;;2017-07-11-09
07eab224-e98f-4480-9fe7-7cdfee10972e;2499763594;gibdd_fines;formcontroller;start;https://www.mos.ru/pgu/ru/application/gibdd/fines/?onsite_from=popular#step_1;gibdd;fines;MPGU;;;2017-07-11-09
9ff431e5-544f-4b07-b643-878fdcfe9d8c;2499763594;guis_1111;formcontroller;start;https://www.mos.ru/pgu/ru/application/guis/1111/;guis;1111;MPGU;;;2017-07-11-09
deec49be-13cc-4b09-a413-e19e4e86af3d;2499763594;guis_-47;formcontroller;start;https://www.mos.ru/pgu/ru/application/guis/-47/?onsite_from=popular#step_1;guis;-47;MPGU;;;2017-07-11-09
5aaeaf39-e890-46d8-b79e-3b5834379206;2499763594;mosenergo_counters;step;change;https://www.mos.ru/pgu/ru/application/mosenergo/counters/#step_1;mosenergo;counters;MPGU;;;2017-07-11-09
a38c4052-54ac-4a49-88dc-c6c6d8b81fbe;2499763594;guis_-47;step;change;https://www.mos.ru/pgu/ru/application/guis/-47/#step_2;guis;-47;MPGU;;;2017-07-11-09
1f492392-fc4a-4d1b-807e-28c8f646a597;2499763594;charges;search;success;;;;;;;2017-07-11-09
1665ee2e-8d27-4c70-9156-7df40303f268;2499763594;guis_-47;step;change;https://www.mos.ru/pgu/ru/application/guis/-47/#step_2;guis;-47;MPGU;;;2017-07-11-09
38bbfdaf-76f9-4d0c-a125-6ba94598483b;2499763594;dtiu_027001;step;change;https://www.mos.ru/pgu/ru/application/dtiu/027001/#step_2;dtiu;27001;MPGU;;;2017-07-11-09
abd580c7-77bb-443b-b99a-04d1045908f1;2499763594;dszn_001001;step;change;https://www.mos.ru/pgu/ru/application/dszn/001001/#step_2;dszn;1001;MPGU;;;2017-07-11-09
3c43ae98-067d-4e6b-8fd4-f1c489db471b;2499763594;guis-47;getEpd;success;https://www.mos.ru/pgu/ru/application/guis/-47/#step_1;guis;-47;MPGU;;;2017-07-11-09
873c1226-c839-4ba6-91af-1d255b2ad789;2499763594;clinics_reg;doc;before;;;;;;;2017-07-11-09
1f492392-fc4a-4d1b-807e-28c8f646a597;2499763594;charges;search;success;;;;;;;2017-07-11-09
036cb210-2658-448b-b83e-81481214162d;2499763594;guis_-47;step;change;https://www.mos.ru/pgu/ru/application/guis/-47/#step_2;guis;-47;MPGU;;;2017-07-11-09
71a049b8-7208-4f4e-bbea-1d734926f5da;2499763594;clinics_reg;error;soapfault;;;;;;;2017-07-11-09
8906864a-3bda-4264-ac20-d436b6ef0ca1;2499763594;guis_-47;step;change;https://www.mos.ru/pgu/ru/application/guis/-47/?onsite_from=popular#step_2;guis;-47;MPGU;;;2017-07-11-09
8906864a-3bda-4264-ac20-d436b6ef0ca1;2499763594;guis_-47;formcontroller;send;https://www.mos.ru/pgu/ru/application/guis/-47/?onsite_from=popular#step_1;guis;-47;MPGU;;;2017-07-11-09
88330619-08bc-4615-8f60-d7bd144d3922;2499763594;charges;search;success;;;;;;;2017-07-11-09
adc3546e-e1e7-46c3-970e-f97c4bfc075a;2499763594;clinics_reg;error;soapfault;;;;;;;2017-07-11-09
5ce02613-8dfd-49c6-a9e6-6de0f2323d84;2499763594;guis_-47;formcontroller;send;https://www.mos.ru/pgu/ru/application/guis/-47/?onsite_from=popular#;guis;-47;MPGU;;;2017-07-11-09
7d548265-f0c5-4e18-b8bc-d8b8e43d81f6;2499763594;dogm_77060201;step;change;https://www.mos.ru/pgu/ru/application/dogm/77060201/#step_2;dogm;77060201;MPGU;;;2017-07-11-09
Unauthorized;2499763594;dogm_77060201;formcontroller;start;https://www.mos.ru/pgu/ru/application/dogm/77060201/#step_1;dogm;77060201;MPGU;;;2017-07-11-09
34116c40-6edb-4cad-ad68-9819e5818a43;2499763594;dogm_040201;formcontroller;start;https://www.mos.ru/pgu/ru/application/dogm/040201/;dogm;40201;MPGU;;;2017-07-11-09
d3ab99e1-eb3c-4f8d-a77f-b57d4218e98f;2499763594;clinics_reg;direction;before;;;;;;;2017-07-11-09
69684244-55db-4a47-a633-b3e652a98b9b;2499763594;1111;addCounter;success;;;;;;;2017-07-11-09
7b8b6093-48c0-4047-b354-e40388359548;2499763594;guis_-47;formcontroller;send;https://www.mos.ru/pgu/ru/application/guis/-47/?onsite_from=topmenu#step_1;guis;-47;MPGU;;;2017-07-11-09
Unauthorized;2499763594;dogm_040201;formcontroller;start;https://www.mos.ru/pgu/ru/application/dogm/040201/#step_1;dogm;40201;MPGU;;;2017-07-11-09
2326f791-2cef-4bdd-a645-3e1d8ada254a;2499763594;guis_1111;step;change;https://www.mos.ru/pgu/ru/application/guis/1111/?onsite_from=popular#step_1;guis;1111;MPGU;;;2017-07-11-09
968e82f2-ee04-408b-bc91-3bd24bff90a5;2499763594;gibdd_fines;formcontroller;start;https://www.mos.ru/pgu/ru/application/gibdd/fines/;gibdd;fines;MPGU;;;2017-07-11-09
46cbea39-13ae-4b34-ab53-4b337e6da9a4;2499763594;mosenergo_counters;step;change;https://www.mos.ru/pgu/ru/application/mosenergo/counters/?onsite_from=popular#step_1;mosenergo;counters;MPGU;;;2017-07-11-09
9ff431e5-544f-4b07-b643-878fdcfe9d8c;2499763594;1111;getCounter;success;;;;;;;2017-07-11-09
65fc67bc-be95-42c4-930b-54170a4f9615;2499763594;clinics_reg;doc;before;;;;;;;2017-07-11-09
d052e157-b5b5-4b0d-b785-63dc983e03b2;2499763594;guis_-47;formcontroller;start;https://www.mos.ru/pgu/ru/application/guis/-47/;guis;-47;MPGU;;;2017-07-11-09
d3ab99e1-eb3c-4f8d-a77f-b57d4218e98f;2499763594;clinics_reg;direction;after;;;;;;;2017-07-11-09
9fe851ef-07ca-4e9a-b872-89f6448e5c49;2499763594;guis_-47;step;change;https://www.mos.ru/pgu/ru/application/guis/-47/?onsite_from=popular#step_2;guis;-47;MPGU;;;2017-07-11-09
26818246-4cd7-4eb8-92df-c76fb556e2ec;2499763594;guis-47;getEpd;success;https://www.mos.ru/pgu/ru/application/guis/-47/?onsite_from=popular#step_1;guis;-47;MPGU;;;2017-07-11-09
6e8efe85-ede1-44cd-a0b2-1096c1446c13;2499763594;dogm_77060201;formcontroller;start;https://www.mos.ru/pgu/ru/application/dogm/77060201/;dogm;77060201;MPGU;;;2017-07-11-09
fe07ea0b-266f-49b4-b141-4be9973aa417;2499763594;guis-47;getEpd;success;https://www.mos.ru/pgu/ru/application/guis/-47/#step_1;guis;-47;MPGU;;;2017-07-11-09
Unauthorized;2499763594;charges;search;success;;;;;;;2017-07-11-09
036cb210-2658-448b-b83e-81481214162d;2499763594;guis-47;bill;pay;;;;;;;2017-07-11-09
965157d3-9aaa-47d4-b658-9c963499da7c;2499763594;guis_-47;step;change;https://www.mos.ru/pgu/ru/application/guis/-47/?onsite_from=popular#step_2;guis;-47;MPGU;;;2017-07-11-09
aa94efb5-1d18-422b-a19c-47d938ec3d84;2499763594;clinics_reg;error;soapfault;;;;;;;2017-07-11-09
Unauthorized;2499763594;charges;search;success;;;;;;;2017-07-11-09
7fe6165b-0392-482e-93b6-f499c9250ff9;2499763594;guis-47;bill;prepare;;;;;;;2017-07-11-09
9237b987-4683-44b0-81b5-c97466c7c594;2499763594;guis-47;getEpd;success;https://www.mos.ru/pgu/ru/application/guis/-47/?onsite_from=popular#step_1;guis;-47;MPGU;;;2017-07-11-09
9237b987-4683-44b0-81b5-c97466c7c594;2499763594;guis-47;getEpd;fail;https://www.mos.ru/pgu/ru/application/guis/-47/?onsite_from=popular#step_2;guis;-47;MPGU;;;2017-07-11-09
cd7500a1-ce85-4701-8ab8-ac2e4dff1d40;2499763594;oiv_booking;error;cancel_records;;;;;;;2017-07-11-09
67a173e9-fcc3-4661-a689-24e485ce28e3;2499763594;dtis_020401;step;change;https://www.mos.ru/pgu/ru/application/dtis/020401/#step_6;dtis;20401;MPGU;;;2017-07-11-09
a30afd01-d1c3-4538-9116-3e53161914be;2499763594;guis_-47;formcontroller;send;https://www.mos.ru/pgu/ru/application/guis/-47/#;guis;-47;MPGU;;;2017-07-11-09
2b1bd7ff-086a-449b-a6f8-d9563ba875ca;2499763594;clinics_reg;doc;before;;;;;;;2017-07-11-09
73d871a4-6a35-4920-82e5-11d81762b502;2499763594;guis-47;getEpd;success;https://www.mos.ru/pgu/ru/application/guis/-47/#step_1;guis;-47;MPGU;;;2017-07-11-09
9237b987-4683-44b0-81b5-c97466c7c594;2499763594;guis-47;bill;prepare;;;;;;;2017-07-11-09
67a173e9-fcc3-4661-a689-24e485ce28e3;2499763594;dtis_020401;step;change;https://www.mos.ru/pgu/ru/application/dtis/020401/#step_2;dtis;20401;MPGU;;;2017-07-11-09
c6c2fd31-4ff4-4a63-954a-434138b2bad5;2499763594;gibdd_fines;step_epsh;success;https://www.mos.ru/pgu/ru/application/gibdd/fines/?onsite_from=popular#step_2;gibdd;fines;MPGU;;;2017-07-11-09
c6c2fd31-4ff4-4a63-954a-434138b2bad5;2499763594;gibdd_form;try_to_pay;click;https://www.mos.ru/pgu/ru/application/gibdd/fines/?onsite_from=popular#step_1;gibdd;fines;MPGU;;;2017-07-11-09
99348f6a-e9b6-4926-ae44-77ced9e15ee7;2499763594;guis_-47;formcontroller;start;https://www.mos.ru/pgu/ru/application/guis/-47/?onsite_from=popular#step_1;guis;-47;MPGU;;;2017-07-11-09
c66a9378-820c-475d-8464-0ec9b3828b58;2499763594;dogm_040201;formcontroller;start;https://www.mos.ru/pgu/ru/application/dogm/040201/?onsite_from=popular#step_1;dogm;40201;MPGU;;;2017-07-11-09
2b1bd7ff-086a-449b-a6f8-d9563ba875ca;2499763594;clinics_reg;error;soapfault;;;;;;;2017-07-11-09
ab6286c7-4744-43eb-95d1-559bd86bc817;2499763594;dszn_17;step;change;https://www.mos.ru/pgu/ru/application/dszn/17/#step_5;dszn;17;MPGU;;;2017-07-11-09
8ce1875d-dd5d-4624-81d9-d06ee8519f91;2499763594;clinics_reg;error;soapfault;;;;;;;2017-07-11-09
2326f791-2cef-4bdd-a645-3e1d8ada254a;2499763594;guis_1111;step;change;https://www.mos.ru/pgu/ru/application/guis/1111/?onsite_from=popular#step_1;guis;1111;MPGU;;;2017-07-11-09
a47a1208-eb80-442a-a013-451a5d6e1558;2499763594;guis_-47;formcontroller;send;https://www.mos.ru/pgu/ru/application/guis/-47/#step_1;guis;-47;MPGU;;;2017-07-11-09
a47a1208-eb80-442a-a013-451a5d6e1558;2499763594;guis-47;getEpd;fail;https://www.mos.ru/pgu/ru/application/guis/-47/#step_2;guis;-47;MPGU;;;2017-07-11-09
4dd50c87-92ec-48ef-81a5-1211dc10edde;2499763594;taxi_zapros;licenseSuccess;;https://www.mos.ru/pgu/ru/application/taxi/zapros/?onsite_from=118532#step_2;taxi;zapros;MPGU;;;2017-07-11-09
Unauthorized;2499763594;gibdd_form;difference_payment_status;result;https://www.mos.ru/pgu/ru/application/gibdd/fines/?onsite_from=popular#step_1;gibdd;fines;MPGU;;;2017-07-11-09
90d44429-b65c-4f63-9dad-6ccba0e7d56d;2499763594;mosenergo_counters;formcontroller;start;https://www.mos.ru/pgu/ru/application/mosenergo/counters/;mosenergo;counters;MPGU;;;2017-07-11-09
99c76e35-a25c-4219-bce5-1aa9b733a929;2499763594;gibdd_fines;formcontroller;start;https://www.mos.ru/pgu/ru/application/gibdd/fines/?onsite_from=popular#step_1;gibdd;fines;MPGU;;;2017-07-11-09
566dde55-9c50-464a-9d95-9c20c0de3f2e;2499763594;clinics_reg;doc;before;;;;;;;2017-07-11-09
ea04bded-281d-4a9e-9530-1f8a6c50c770;2499763594;1111;getCounter;success;;;;;;;2017-07-11-09
b281dda7-72e9-4f76-87d5-cf25c178e909;2499763594;guis-47;getEpd;success;https://www.mos.ru/pgu/ru/application/guis/-47/?onsite_from=popular#step_1;guis;-47;MPGU;;;2017-07-11-09
1665ee2e-8d27-4c70-9156-7df40303f268;2499763594;guis-47;getEpd;success;https://www.mos.ru/pgu/ru/application/guis/-47/#step_1;guis;-47;MPGU;;;2017-07-11-09
0b786825-b84d-42d1-aad2-d32df3293f89;2499763594;dogm_journal;formcontroller;start;https://www.mos.ru/pgu/ru/application/dogm/journal/;dogm;journal;MPGU;;;2017-07-11-09
f32fcc85-9e01-474b-9085-01053adda89f;2499763594;guis_-47;formcontroller;send;https://www.mos.ru/pgu/ru/application/guis/-47/#step_1;guis;-47;MPGU;;;2017-07-11-09
Unauthorized;2499763594;charges;search;success;;;;;;;2017-07-11-09
2e20ee47-f9b1-42a0-bcb0-184051094d1a;2499763594;guis_-47;formcontroller;start;https://www.mos.ru/pgu/ru/application/guis/-47/?onsite_from=popular#step_1;guis;-47;MPGU;;;2017-07-11-09
820da51a-384e-49c2-accd-e6d7f97073ef;2499763594;guis_-47;formcontroller;start;https://www.mos.ru/pgu/ru/application/guis/-47/?onsite_from=popular#step_1;guis;-47;MPGU;;;2017-07-11-09
2b60322b-870c-4e26-9951-2aefc6d33547;2499763594;clinics_reg;doc;before;;;;;;;2017-07-11-09
4f1ac8cd-5f1d-4210-995c-e56054f96daa;2499763594;gibdd_fines;formcontroller;start;https://www.mos.ru/pgu/ru/application/gibdd/fines/;gibdd;fines;MPGU;;;2017-07-11-09
38bbfdaf-76f9-4d0c-a125-6ba94598483b;2499763594;dgi_023001;formcontroller;start;https://www.mos.ru/pgu/ru/application/dgi/023001/;dgi;23001;MPGU;;;2017-07-11-09
955ddc1e-5836-40a4-9040-c962df945387;2499763594;charges;search;success;;;;;;;2017-07-11-09
Unauthorized;2499763594;charges;search;success;;;;;;;2017-07-11-09
5ce02613-8dfd-49c6-a9e6-6de0f2323d84;2499763594;guis_-47;formcontroller;send;https://www.mos.ru/pgu/ru/application/guis/-47/?onsite_from=popular#step_1;guis;-47;MPGU;;;2017-07-11-09
8906864a-3bda-4264-ac20-d436b6ef0ca1;2499763594;guis_-47;formcontroller;send;https://www.mos.ru/pgu/ru/application/guis/-47/?onsite_from=popular#step_1;guis;-47;MPGU;;;2017-07-11-09
8906864a-3bda-4264-ac20-d436b6ef0ca1;2499763594;guis-47;getEpd;success;https://www.mos.ru/pgu/ru/application/guis/-47/?onsite_from=popular#step_1;guis;-47;MPGU;;;2017-07-11-09
02253d25-325b-45f9-8622-cd95232fde26;2499763594;dtis_020401;step;change;https://www.mos.ru/pgu/ru/application/dtis/020401/#step_4;dtis;20401;MPGU;;;2017-07-11-09
62049d1f-a465-4ea5-b108-1a18d82f2119;2499763594;clinics_reg;doc;before;;;;;;;2017-07-11-09
1ba5da2b-7bfb-42cb-8a24-c4838bc78515;2499763594;clinics_reg;error;soapfault;;;;;;;2017-07-11-09
a8c4dcb8-999d-48a0-8367-7b007e978abd;2499763594;guis-47;getEpd;fail;https://www.mos.ru/pgu/ru/application/guis/-47/?onsite_from=popular#;guis;-47;MPGU;;;2017-07-11-09
1aa7b776-5bb3-485b-9166-c2fca0d036b1;2499763594;dogm_77060201;step;change;https://www.mos.ru/pgu/ru/application/dogm/77060201/#step_2;dogm;77060201;MPGU;;;2017-07-11-09
b84e7e77-66f2-4517-9b9c-a04fac03ead1;2499763594;guis_-47;formcontroller;send;https://www.mos.ru/pgu/ru/application/guis/-47/#step_1;guis;-47;MPGU;;;2017-07-11-09
439b8e1b-ca0f-4c40-81d4-c1fffdd72eff;2499763594;guis_-47;formcontroller;send;https://www.mos.ru/pgu/ru/application/guis/-47/#step_1;guis;-47;MPGU;;;2017-07-11-09
8e4b806b-bb7b-4f6c-beff-c3a688fa357b;2499763594;gibdd_fines;step;change;https://www.mos.ru/pgu/ru/application/gibdd/fines/#step_1;gibdd;fines;MPGU;;;2017-07-11-09
c62cca3d-0df2-412b-8568-c7e69364db01;2499763594;dogm_77060201;step;change;https://www.mos.ru/pgu/ru/application/dogm/77060201/#step_2;dogm;77060201;MPGU;;;2017-07-11-09
38bbfdaf-76f9-4d0c-a125-6ba94598483b;2499763594;dgi_308;formcontroller;start;https://www.mos.ru/pgu/ru/application/dgi/308/;dgi;308;MPGU;;;2017-07-11-09
a6d30a9e-5e54-4860-a8dc-19d2a9ea000a;2499763594;guis_-47;formcontroller;start;https://www.mos.ru/pgu/ru/application/guis/-47/?onsite_from=popular#step_1;guis;-47;MPGU;;;2017-07-11-09
9fe851ef-07ca-4e9a-b872-89f6448e5c49;2499763594;guis-47;getEpd;fail;https://www.mos.ru/pgu/ru/application/guis/-47/?onsite_from=popular#step_2;guis;-47;MPGU;;;2017-07-11-09
26818246-4cd7-4eb8-92df-c76fb556e2ec;2499763594;guis-47;getEpd;success;https://www.mos.ru/pgu/ru/application/guis/-47/?onsite_from=popular#step_1;guis;-47;MPGU;;;2017-07-11-09
26818246-4cd7-4eb8-92df-c76fb556e2ec;2499763594;guis_-47;formcontroller;send;https://www.mos.ru/pgu/ru/application/guis/-47/?onsite_from=popular#step_1;guis;-47;MPGU;;;2017-07-11-09
c32d076c-d58c-4f70-b1e7-39ef6866a8f0;2499763594;dogm_040201;formcontroller;start;https://www.mos.ru/pgu/ru/application/dogm/040201/?onsite_from=topindex;dogm;40201;MPGU;;;2017-07-11-09
235454fd-2169-4612-b5ee-fc8aa3d47e17;2499763594;clinics_reg;doc;before;;;;;;;2017-07-11-09
2a451931-c32c-4c21-8940-29c7085acf2a;2499763594;taxi_zapros;step;change;https://www.mos.ru/pgu/ru/application/taxi/zapros/#step_1;taxi;zapros;MPGU;;;2017-07-11-09
4b788ca8-80d2-4eb4-a3d0-e679545f3a0c;2499763594;gibdd_fines;formcontroller;start;https://www.mos.ru/pgu/ru/application/gibdd/fines/?onsite_from=popular#step_1;gibdd;fines;MPGU;;;2017-07-11-09
b3bfda8c-136b-4cd1-b9eb-df3c88b9e910;2499763594;clinics_reg;ldp;before;;;;;;;2017-07-11-09
47675611-be45-4f9d-be50-43ef8dbf0528;2499763594;guis_-47;step;change;https://www.mos.ru/pgu/ru/application/guis/-47/#step_2;guis;-47;MPGU;;;2017-07-11-09
9fe851ef-07ca-4e9a-b872-89f6448e5c49;2499763594;guis-47;bill;prepare;;;;;;;2017-07-11-09
06c876c8-99fb-44d8-ac7f-b095a41b740d;2499763594;clinics_reg;doc;before;;;;;;;2017-07-11-09
c53cab62-9d60-4629-9b2d-29231fcc29fd;2499763594;clinics_reg;doc;before;;;;;;;2017-07-11-09
8c310662-6082-48f8-9d98-155b6c3ea5a5;2499763594;msr_010303;search;success;;;;;;;2017-07-11-09
d052e157-b5b5-4b0d-b785-63dc983e03b2;2499763594;guis-47;bill;prepare;;;;;;;2017-07-11-09
b3178194-f075-482b-9374-65a7702f193a;2499763594;clinics_reg;doc;before;;;;;;;2017-07-11-09
d499cd19-a667-4aaf-9dad-e5825028f490;2499763594;guis_-47;step;change;https://www.mos.ru/pgu/ru/application/guis/-47/?onsite_from=topindex#step_2;guis;-47;MPGU;;;2017-07-11-09
d36a3b41-3384-4401-850f-0abb5d1be1bc;2499763594;clinics_reg;doc;before;;;;;;;2017-07-11-09
5eb198f2-d152-4b1e-856b-41d714151f7f;2499763594;mosenergo_counters;step;change;https://www.mos.ru/pgu/ru/application/mosenergo/counters/#step_1;mosenergo;counters;MPGU;;;2017-07-11-09
02facbeb-4fe8-4fd5-bd59-76978f27d3ba;2499763594;gibdd_form;try_to_pay;click;https://www.mos.ru/pgu/ru/application/gibdd/fines/?onsite_from=85532#step_1;gibdd;fines;MPGU;;;2017-07-11-09
07eab224-e98f-4480-9fe7-7cdfee10972e;2499763594;charges;search;success;;;;;;;2017-07-11-09
92a97f80-51ce-4930-b9d8-e7c6b0c24473;2499763594;dogm_journal;enter;service;https://www.mos.ru/pgu/ru/application/dogm/journal/?onsite_from=popular#step_1;dogm;journal;MPGU;;;2017-07-11-09
31d06794-11f9-4a19-ad43-72fcf35314e3;2499763594;1111;getCounter;success;;;;;;;2017-07-11-09
06c876c8-99fb-44d8-ac7f-b095a41b740d;2499763594;clinics_reg;error;soapfault;;;;;;;2017-07-11-09
a47a1208-eb80-442a-a013-451a5d6e1558;2499763594;guis_-47;step;change;https://www.mos.ru/pgu/ru/application/guis/-47/#step_2;guis;-47;MPGU;;;2017-07-11-09
a1023256-ed99-4b13-854d-1a410a4b40ea;2499763594;guis_-47;formcontroller;start;https://www.mos.ru/pgu/ru/application/guis/-47/?onsite_from=popular;guis;-47;MPGU;;;2017-07-11-09
56e3d019-06fb-4a3a-b02c-27a7b1045179;2499763594;dtis_020301;step;change;https://www.mos.ru/pgu/ru/application/dtis/020301/#step_7;dtis;20301;MPGU;;;2017-07-11-09
56e3d019-06fb-4a3a-b02c-27a7b1045179;2499763594;dtis_020301;step;change;https://www.mos.ru/pgu/ru/application/dtis/020301/#step_7;dtis;20301;MPGU;;;2017-07-11-09
d4ecbd35-2179-46b4-b5a5-0045af9e8865;2499763594;clinics_reg;doc;before;;;;;;;2017-07-11-09
2f7e3730-c003-46c9-a90d-29abd799d047;2499763594;guis_-47;step;change;https://www.mos.ru/pgu/ru/application/guis/-47/?onsite_from=popular#step_2;guis;-47;MPGU;;;2017-07-11-09
92a5d1fb-9ed9-4a49-a1c4-f7ab19bb8adb;2499763594;mosenergo_counters;step;change;https://www.mos.ru/pgu/ru/application/mosenergo/counters/?onsite_from=popular#step_2;mosenergo;counters;MPGU;;;2017-07-11-09
Unauthorized;2499763594;charges;search;success;;;;;;;2017-07-11-09
e2f95d07-5f74-4fea-9884-c72e02179397;2499763594;clinics_reg;doc;before;;;;;;;2017-07-11-09
81bba763-e388-42ed-8953-6c62905e6961;2499763594;gibdd_fines;formcontroller;start;https://www.mos.ru/pgu/ru/application/gibdd/fines/;gibdd;fines;MPGU;;;2017-07-11-09
8906864a-3bda-4264-ac20-d436b6ef0ca1;2499763594;guis-47;bill;prepare;;;;;;;2017-07-11-09
ebc967a6-2a00-4165-9f3d-6e9d30ff405a;2499763594;elk;save;cancel;https://www.mos.ru/pgu/ru/application/guis/-47/#step_1;guis;-47;MPGU;;;2017-07-11-09
4d94b4d4-b47f-43fe-b9b8-ef83b5693ba5;2499763594;dzm_mkom;formcontroller;start;https://www.mos.ru/pgu/ru/application/dzm/mkom/;dzm;mkom;MPGU;;;2017-07-11-09
4b788ca8-80d2-4eb4-a3d0-e679545f3a0c;2499763594;charges;search;success;;;;;;;2017-07-11-09
33f24cde-db37-46a2-bb43-5695b924e96a;2499763594;1111;addCounter;success;;;;;;;2017-07-11-09
3c43ae98-067d-4e6b-8fd4-f1c489db471b;2499763594;guis_-47;step;change;https://www.mos.ru/pgu/ru/application/guis/-47/#step_1;guis;-47;MPGU;;;2017-07-11-09
38f4cfcc-9ec1-46a6-8918-451403123ca1;2499763594;guis_-47;formcontroller;start;https://www.mos.ru/pgu/ru/application/guis/-47/?onsite_from=popular;guis;-47;MPGU;;;2017-07-11-09
33f24cde-db37-46a2-bb43-5695b924e96a;2499763594;1111;getCounter;success;;;;;;;2017-07-11-09
b2fcadba-039d-48e3-bd6c-2cc70a3046dc;2499763594;mosenergo_counters;step;change;https://www.mos.ru/pgu/ru/application/mosenergo/counters/?onsite_from=popular#step_2;mosenergo;counters;MPGU;;;2017-07-11-09
0e8f6799-a647-4eef-b794-db0846e871ce;2499763594;guis_1111;step;change;https://www.mos.ru/pgu/ru/application/guis/1111/?onsite_from=popular#step_1;guis;1111;MPGU;;;2017-07-11-09
72f320b3-760c-4134-a4ae-9024c4d30314;2499763594;guis-47;bill;pay;;;;;;;2017-07-11-09
a862e41d-e005-498c-af63-f8fe6ae51252;2499763594;clinics_reg;doc;before;;;;;;;2017-07-11-09
Unauthorized;2499763594;guis_-47;step;change;https://www.mos.ru/pgu/ru/application/guis/-47/?onsite_from=popular#step_2;guis;-47;MPGU;;;2017-07-11-09
98f77082-dd41-44df-9f0a-d991e1526dfb;2499763594;clinics_reg;doc;before;;;;;;;2017-07-11-09
8ce54f64-e1c8-4039-8a12-5e78ca457c3b;2499763594;dgi_316;formcontroller;send;https://www.mos.ru/pgu/ru/application/dgi/316/#step_2;dgi;316;MPGU;;;2017-07-11-09
d2bce43e-b69f-4c1d-a1f9-32da5d7436e7;2499763594;clinics_reg;doc;before;;;;;;;2017-07-11-09
ed330b1e-2cf5-4b23-a7a0-cdd13d20a074;2499763594;guis_1111;formcontroller;start;https://www.mos.ru/pgu/ru/application/guis/1111/?onsite_from=popular;guis;1111;MPGU;;;2017-07-11-09
563e74e0-32cc-43ed-9db5-0d67320fc308;2499763594;guis-47;bill;prepare;;;;;;;2017-07-11-09
d0ed2cbd-4f73-4133-a90e-e0c7f9b910c7;2499763594;dzm_086901;step;change;https://www.mos.ru/pgu/ru/application/dzm/086901/#step_4;dzm;86901;MPGU;;;2017-07-11-09
02253d25-325b-45f9-8622-cd95232fde26;2499763594;dtis_020401;step;change;https://www.mos.ru/pgu/ru/application/dtis/020401/#step_5;dtis;20401;MPGU;;;2017-07-11-09
d0ed2cbd-4f73-4133-a90e-e0c7f9b910c7;2499763594;dzm_086901;formcontroller;start;https://www.mos.ru/pgu/ru/application/dzm/086901/#step_4;dzm;86901;MPGU;;;2017-07-11-09
c66a9378-820c-475d-8464-0ec9b3828b58;2499763594;dogm_04201;request;sent;https://www.mos.ru/pgu/ru/application/dogm/040201/?onsite_from=popular#;dogm;40201;MPGU;;;2017-07-11-09
b6b192d8-8425-4b56-8c92-1d7ddce79fc4;2499763594;gibdd_fines;step;change;https://www.mos.ru/pgu/ru/application/gibdd/fines/?onsite_from=86532#step_1;gibdd;fines;MPGU;;;2017-07-11-09
fdcee90e-85a4-4a78-8a30-24377ab8b6eb;2499763594;clinics_reg;ldp;before;;;;;;;2017-07-11-09
a57384c1-5f6c-44c3-b2f0-d889cdffa517;2499763594;guis_1111;step;change;https://www.mos.ru/pgu/ru/application/guis/1111/?onsite_from=topindex#step_1;guis;1111;MPGU;;;2017-07-11-09
6b4044a6-5433-4994-8bce-d5273017d9dd;2499763594;gibdd_fines;step_epsh;success;https://www.mos.ru/pgu/ru/application/gibdd/fines/?onsite_from=popular#step_2;gibdd;fines;MPGU;;;2017-07-11-09
d052e157-b5b5-4b0d-b785-63dc983e03b2;2499763594;guis_-47;formcontroller;send;https://www.mos.ru/pgu/ru/application/guis/-47/#step_1;guis;-47;MPGU;;;2017-07-11-09
9fe851ef-07ca-4e9a-b872-89f6448e5c49;2499763594;guis-47;getEpd;fail;https://www.mos.ru/pgu/ru/application/guis/-47/?onsite_from=popular#step_2;guis;-47;MPGU;;;2017-07-11-09
Unauthorized;2499763594;taxi_zapros;listSuccess;;https://www.mos.ru/pgu/ru/application/taxi/zapros/?utm_source=EVP&utm_campaign=people&utm_term=98&utm_medium=cpc&utm_content=2065#step_2;taxi;zapros;MPGU;;;2017-07-11-09
9ff431e5-544f-4b07-b643-878fdcfe9d8c;2499763594;1111;addCounter;success;;;;;;;2017-07-11-09
c32d076c-d58c-4f70-b1e7-39ef6866a8f0;2499763594;dogm_04201;answer;done;https://www.mos.ru/pgu/ru/application/dogm/040201/?onsite_from=topindex#step_1;dogm;40201;MPGU;;;2017-07-11-09
99c76e35-a25c-4219-bce5-1aa9b733a929;2499763594;charges;search;success;;;;;;;2017-07-11-09
2a451931-c32c-4c21-8940-29c7085acf2a;2499763594;taxi_zapros;listSuccess;;https://www.mos.ru/pgu/ru/application/taxi/zapros/#step_2;taxi;zapros;MPGU;;;2017-07-11-09
5465829f-af0e-4af9-ad47-c2d173debcb7;2499763594;gibdd_form;difference_payment_status;result;https://www.mos.ru/pgu/ru/application/gibdd/fines/?onsite_from=popular#step_1;gibdd;fines;MPGU;;;2017-07-11-09
faf4540a-adb9-45dc-b22b-ec3e8ba15dd0;2499763594;clinics_reg;ldp;after;;;;;;;2017-07-11-09
2cf926c2-f3be-4917-abd3-5190b7f4abef;2499763594;guis-47;getEpd;success;https://www.mos.ru/pgu/ru/application/guis/-47/?onsite_from=popular#step_1;guis;-47;MPGU;;;2017-07-11-09
6a0125f9-0b2c-48d5-92f4-1c3c63cd6a01;2499763594;clinics_reg;error;soapfault;;;;;;;2017-07-11-09
7d1236b1-cb8f-4cbf-945e-f31dc8f13559;2499763594;guis_-47;formcontroller;start;https://www.mos.ru/pgu/ru/application/guis/-47/;guis;-47;MPGU;;;2017-07-11-09
8bad435e-6c62-4d4d-adb3-389cd16247fe;2499763594;guis_-47;step;change;https://www.mos.ru/pgu/ru/application/guis/-47/?onsite_from=popular#step_2;guis;-47;MPGU;;;2017-07-11-09
e25b0e70-5554-4be6-84c8-e4c090f030e7;2499763594;charges;search;success;;;;;;;2017-07-11-09
929a3e58-17be-4878-911f-0120f20e1849;2499763594;guis-47;getEpd;success;https://www.mos.ru/pgu/ru/application/guis/-47/?onsite_from=popular#step_1;guis;-47;MPGU;;;2017-07-11-09
929a3e58-17be-4878-911f-0120f20e1849;2499763594;guis_-47;formcontroller;send;https://www.mos.ru/pgu/ru/application/guis/-47/?onsite_from=popular#step_1;guis;-47;MPGU;;;2017-07-11-09
a30afd01-d1c3-4538-9116-3e53161914be;2499763594;guis_-47;formcontroller;send;https://www.mos.ru/pgu/ru/application/guis/-47/#step_1;guis;-47;MPGU;;;2017-07-11-09
73d871a4-6a35-4920-82e5-11d81762b502;2499763594;guis-47;getEpd;success;https://www.mos.ru/pgu/ru/application/guis/-47/#step_1;guis;-47;MPGU;;;2017-07-11-09
ebc967a6-2a00-4165-9f3d-6e9d30ff405a;2499763594;guis-47;bill;prepare;;;;;;;2017-07-11-09
488922db-8132-45c3-aee3-9b09f075213a;2499763594;guis_-47;step;change;https://www.mos.ru/pgu/ru/application/guis/-47/#step_1;guis;-47;MPGU;;;2017-07-11-09
566dde55-9c50-464a-9d95-9c20c0de3f2e;2499763594;clinics_reg;error;soapfault;;;;;;;2017-07-11-09
8e030051-9877-47da-a9bf-eac9b28a17c5;2499763594;clinics_reg;error;soapfault;;;;;;;2017-07-11-09
99348f6a-e9b6-4926-ae44-77ced9e15ee7;2499763594;guis-47;getEpd;success;https://www.mos.ru/pgu/ru/application/guis/-47/?onsite_from=popular#;guis;-47;MPGU;;;2017-07-11-09
9fe851ef-07ca-4e9a-b872-89f6448e5c49;2499763594;guis-47;bill;prepare;;;;;;;2017-07-11-09
8cfa6928-c66e-4cf4-8534-fb01ab8ec3b4;2499763594;gibdd_fines;formcontroller;start;https://www.mos.ru/pgu/ru/application/gibdd/fines/?onsite_from=popular#step_1;gibdd;fines;MPGU;;;2017-07-11-09
e3069a8c-9524-4ab9-ae27-e5320c99d944;2499763594;clinics_reg;error;soapfault;;;;;;;2017-07-11-09
d0013e24-b253-4047-9aeb-dbfc4b99e29a;2499763594;1111;addError;3;;;;;;;2017-07-11-09
2d82038e-e6a2-4027-97e3-c933b1e64d16;2499763594;guis_1111;step;change;https://www.mos.ru/pgu/ru/application/guis/1111/?onsite_from=topindex#step_1;guis;1111;MPGU;;;2017-07-11-09
